Query,News_Index,Relevance
國際賽事會場內應該可以持中華民國國旗,news_099069,1
國際賽事會場內應該可以持中華民國國旗,news_013518,1
國際賽事會場內應該可以持中華民國國旗,news_082014,2
國際賽事會場內應該可以持中華民國國旗,news_042952,2
國際賽事會場內應該可以持中華民國國旗,news_073825,2
國際賽事會場內應該可以持中華民國國旗,news_086541,1
國際賽事會場內應該可以持中華民國國旗,news_096311,1
國際賽事會場內應該可以持中華民國國旗,news_037008,1
國際賽事會場內應該可以持中華民國國旗,news_075343,1
國際賽事會場內應該可以持中華民國國旗,news_092111,1
國際賽事會場內應該可以持中華民國國旗,news_048434,1
國際賽事會場內應該可以持中華民國國旗,news_098688,1
國際賽事會場內應該可以持中華民國國旗,news_022206,1
國際賽事會場內應該可以持中華民國國旗,news_054037,1
國際賽事會場內應該可以持中華民國國旗,news_094266,1
國際賽事會場內應該可以持中華民國國旗,news_085144,2
國際賽事會場內應該可以持中華民國國旗,news_006979,1
國際賽事會場內應該可以持中華民國國旗,news_039923,1
國際賽事會場內應該可以持中華民國國旗,news_049038,1
國際賽事會場內應該可以持中華民國國旗,news_008464,1
國際賽事會場內應該可以持中華民國國旗,news_054181,1
國際賽事會場內應該可以持中華民國國旗,news_013123,1
國際賽事會場內應該可以持中華民國國旗,news_053439,1
國際賽事會場內應該可以持中華民國國旗,news_083151,2
國際賽事會場內應該可以持中華民國國旗,news_087474,2
國際賽事會場內應該可以持中華民國國旗,news_033100,1
國際賽事會場內應該可以持中華民國國旗,news_013509,1
國際賽事會場內應該可以持中華民國國旗,news_083968,2
國際賽事會場內應該可以持中華民國國旗,news_021497,1
國際賽事會場內應該可以持中華民國國旗,news_074604,1
國際賽事會場內應該可以持中華民國國旗,news_037193,2
國際賽事會場內應該可以持中華民國國旗,news_071107,1
國際賽事會場內應該可以持中華民國國旗,news_028322,1
國際賽事會場內應該可以持中華民國國旗,news_015937,1
國際賽事會場內應該可以持中華民國國旗,news_016248,1
國際賽事會場內應該可以持中華民國國旗,news_027827,2
國際賽事會場內應該可以持中華民國國旗,news_025486,1
國際賽事會場內應該可以持中華民國國旗,news_048740,1
國際賽事會場內應該可以持中華民國國旗,news_068899,1
國際賽事會場內應該可以持中華民國國旗,news_010157,1
國際賽事會場內應該可以持中華民國國旗,news_028437,1
國際賽事會場內應該可以持中華民國國旗,news_095166,1
國際賽事會場內應該可以持中華民國國旗,news_067250,1
國際賽事會場內應該可以持中華民國國旗,news_015205,1
國際賽事會場內應該可以持中華民國國旗,news_041039,1
國際賽事會場內應該可以持中華民國國旗,news_021922,1
國際賽事會場內應該可以持中華民國國旗,news_064285,1
國際賽事會場內應該可以持中華民國國旗,news_015493,1
國際賽事會場內應該可以持中華民國國旗,news_002902,1
國際賽事會場內應該可以持中華民國國旗,news_087398,1
國際賽事會場內應該可以持中華民國國旗,news_093996,1
國際賽事會場內應該可以持中華民國國旗,news_025131,1
國際賽事會場內應該可以持中華民國國旗,news_070631,1
國際賽事會場內應該可以持中華民國國旗,news_088806,2
國際賽事會場內應該可以持中華民國國旗,news_058146,1
國際賽事會場內應該可以持中華民國國旗,news_096926,1
國際賽事會場內應該可以持中華民國國旗,news_085707,2
國際賽事會場內應該可以持中華民國國旗,news_046011,1
國際賽事會場內應該可以持中華民國國旗,news_093967,1
國際賽事會場內應該可以持中華民國國旗,news_005603,1
國際賽事會場內應該可以持中華民國國旗,news_033742,1
國際賽事會場內應該可以持中華民國國旗,news_020922,2
國際賽事會場內應該可以持中華民國國旗,news_023794,1
國際賽事會場內應該可以持中華民國國旗,news_029226,1
國際賽事會場內應該可以持中華民國國旗,news_008004,1
國際賽事會場內應該可以持中華民國國旗,news_093997,1
國際賽事會場內應該可以持中華民國國旗,news_087751,1
國際賽事會場內應該可以持中華民國國旗,news_012123,1
國際賽事會場內應該可以持中華民國國旗,news_074988,1
國際賽事會場內應該可以持中華民國國旗,news_006014,1
國際賽事會場內應該可以持中華民國國旗,news_079849,1
國際賽事會場內應該可以持中華民國國旗,news_036781,1
國際賽事會場內應該可以持中華民國國旗,news_069855,1
國際賽事會場內應該可以持中華民國國旗,news_051009,2
國際賽事會場內應該可以持中華民國國旗,news_000944,1
國際賽事會場內應該可以持中華民國國旗,news_073114,1
國際賽事會場內應該可以持中華民國國旗,news_042756,1
國際賽事會場內應該可以持中華民國國旗,news_018902,1
國際賽事會場內應該可以持中華民國國旗,news_090699,2
國際賽事會場內應該可以持中華民國國旗,news_035652,1
國際賽事會場內應該可以持中華民國國旗,news_092232,1
國際賽事會場內應該可以持中華民國國旗,news_091000,1
國際賽事會場內應該可以持中華民國國旗,news_057786,1
國際賽事會場內應該可以持中華民國國旗,news_041946,1
國際賽事會場內應該可以持中華民國國旗,news_037445,2
國際賽事會場內應該可以持中華民國國旗,news_081554,1
國際賽事會場內應該可以持中華民國國旗,news_091019,1
國際賽事會場內應該可以持中華民國國旗,news_011188,1
國際賽事會場內應該可以持中華民國國旗,news_057063,1
國際賽事會場內應該可以持中華民國國旗,news_051211,1
國際賽事會場內應該可以持中華民國國旗,news_014454,1
國際賽事會場內應該可以持中華民國國旗,news_074360,1
國際賽事會場內應該可以持中華民國國旗,news_047355,2
國際賽事會場內應該可以持中華民國國旗,news_013790,1
國際賽事會場內應該可以持中華民國國旗,news_022278,1
國際賽事會場內應該可以持中華民國國旗,news_048578,1
國際賽事會場內應該可以持中華民國國旗,news_078270,2
國際賽事會場內應該可以持中華民國國旗,news_084856,1
國際賽事會場內應該可以持中華民國國旗,news_007519,1
國際賽事會場內應該可以持中華民國國旗,news_055487,1
國際賽事會場內應該可以持中華民國國旗,news_053652,1
國際賽事會場內應該可以持中華民國國旗,news_026118,1
國際賽事會場內應該可以持中華民國國旗,news_002062,2
國際賽事會場內應該可以持中華民國國旗,news_077083,2
國際賽事會場內應該可以持中華民國國旗,news_000980,1
國際賽事會場內應該可以持中華民國國旗,news_063994,1
國際賽事會場內應該可以持中華民國國旗,news_033477,1
國際賽事會場內應該可以持中華民國國旗,news_098830,1
國際賽事會場內應該可以持中華民國國旗,news_010657,1
國際賽事會場內應該可以持中華民國國旗,news_034312,1
國際賽事會場內應該可以持中華民國國旗,news_012611,1
國際賽事會場內應該可以持中華民國國旗,news_069263,1
國際賽事會場內應該可以持中華民國國旗,news_014180,1
國際賽事會場內應該可以持中華民國國旗,news_020319,1
國際賽事會場內應該可以持中華民國國旗,news_056640,1
國際賽事會場內應該可以持中華民國國旗,news_008678,1
國際賽事會場內應該可以持中華民國國旗,news_047869,1
國際賽事會場內應該可以持中華民國國旗,news_066585,2
國際賽事會場內應該可以持中華民國國旗,news_017843,1
國際賽事會場內應該可以持中華民國國旗,news_086732,2
國際賽事會場內應該可以持中華民國國旗,news_014222,1
國際賽事會場內應該可以持中華民國國旗,news_049780,1
國際賽事會場內應該可以持中華民國國旗,news_077517,1
國際賽事會場內應該可以持中華民國國旗,news_041855,1
國際賽事會場內應該可以持中華民國國旗,news_072758,1
國際賽事會場內應該可以持中華民國國旗,news_024833,1
國際賽事會場內應該可以持中華民國國旗,news_081522,1
國際賽事會場內應該可以持中華民國國旗,news_026795,1
國際賽事會場內應該可以持中華民國國旗,news_018864,1
國際賽事會場內應該可以持中華民國國旗,news_021427,1
國際賽事會場內應該可以持中華民國國旗,news_068687,1
國際賽事會場內應該可以持中華民國國旗,news_055365,1
國際賽事會場內應該可以持中華民國國旗,news_022472,1
國際賽事會場內應該可以持中華民國國旗,news_049186,1
國際賽事會場內應該可以持中華民國國旗,news_023885,1
國際賽事會場內應該可以持中華民國國旗,news_097312,1
國際賽事會場內應該可以持中華民國國旗,news_005089,1
國際賽事會場內應該可以持中華民國國旗,news_081159,1
國際賽事會場內應該可以持中華民國國旗,news_097475,1
國際賽事會場內應該可以持中華民國國旗,news_056097,1
國際賽事會場內應該可以持中華民國國旗,news_006830,1
國際賽事會場內應該可以持中華民國國旗,news_042987,1
國際賽事會場內應該可以持中華民國國旗,news_004118,1
國際賽事會場內應該可以持中華民國國旗,news_012732,1
國際賽事會場內應該可以持中華民國國旗,news_080950,1
國際賽事會場內應該可以持中華民國國旗,news_022682,1
國際賽事會場內應該可以持中華民國國旗,news_099572,1
國際賽事會場內應該可以持中華民國國旗,news_002855,1
國際賽事會場內應該可以持中華民國國旗,news_030607,1
國際賽事會場內應該可以持中華民國國旗,news_054076,1
國際賽事會場內應該可以持中華民國國旗,news_006766,1
國際賽事會場內應該可以持中華民國國旗,news_010918,1
國際賽事會場內應該可以持中華民國國旗,news_095612,1
國際賽事會場內應該可以持中華民國國旗,news_022861,1
國際賽事會場內應該可以持中華民國國旗,news_018454,1
國際賽事會場內應該可以持中華民國國旗,news_054814,1
國際賽事會場內應該可以持中華民國國旗,news_048747,1
國際賽事會場內應該可以持中華民國國旗,news_073613,1
國際賽事會場內應該可以持中華民國國旗,news_094205,1
國際賽事會場內應該可以持中華民國國旗,news_059425,1
國際賽事會場內應該可以持中華民國國旗,news_009881,2
國際賽事會場內應該可以持中華民國國旗,news_039048,1
國際賽事會場內應該可以持中華民國國旗,news_051166,1
國際賽事會場內應該可以持中華民國國旗,news_038659,1
國際賽事會場內應該可以持中華民國國旗,news_070690,3
國際賽事會場內應該可以持中華民國國旗,news_053787,1
國際賽事會場內應該可以持中華民國國旗,news_063823,1
國際賽事會場內應該可以持中華民國國旗,news_089358,1
國際賽事會場內應該可以持中華民國國旗,news_012840,1
國際賽事會場內應該可以持中華民國國旗,news_004415,1
國際賽事會場內應該可以持中華民國國旗,news_030426,1
國際賽事會場內應該可以持中華民國國旗,news_049434,1
國際賽事會場內應該可以持中華民國國旗,news_099375,1
國際賽事會場內應該可以持中華民國國旗,news_001827,1
國際賽事會場內應該可以持中華民國國旗,news_075359,1
國際賽事會場內應該可以持中華民國國旗,news_099083,2
國際賽事會場內應該可以持中華民國國旗,news_067066,2
國際賽事會場內應該可以持中華民國國旗,news_000296,1
國際賽事會場內應該可以持中華民國國旗,news_067499,1
國際賽事會場內應該可以持中華民國國旗,news_055165,1
國際賽事會場內應該可以持中華民國國旗,news_051489,1
國際賽事會場內應該可以持中華民國國旗,news_061297,1
國際賽事會場內應該可以持中華民國國旗,news_001292,1
國際賽事會場內應該可以持中華民國國旗,news_077795,1
國際賽事會場內應該可以持中華民國國旗,news_004714,1
國際賽事會場內應該可以持中華民國國旗,news_027744,1
國際賽事會場內應該可以持中華民國國旗,news_048450,1
國際賽事會場內應該可以持中華民國國旗,news_082276,1
國際賽事會場內應該可以持中華民國國旗,news_062419,2
國際賽事會場內應該可以持中華民國國旗,news_028082,1
國際賽事會場內應該可以持中華民國國旗,news_044821,2
國際賽事會場內應該可以持中華民國國旗,news_031686,1
國際賽事會場內應該可以持中華民國國旗,news_050245,1
國際賽事會場內應該可以持中華民國國旗,news_095655,1
國際賽事會場內應該可以持中華民國國旗,news_006463,1
國際賽事會場內應該可以持中華民國國旗,news_026062,1
國際賽事會場內應該可以持中華民國國旗,news_061443,1
國際賽事會場內應該可以持中華民國國旗,news_027213,1
國際賽事會場內應該可以持中華民國國旗,news_011697,1
國際賽事會場內應該可以持中華民國國旗,news_050491,1
國際賽事會場內應該可以持中華民國國旗,news_042570,1
國際賽事會場內應該可以持中華民國國旗,news_031460,1
國際賽事會場內應該可以持中華民國國旗,news_091583,2
國際賽事會場內應該可以持中華民國國旗,news_092888,1
國際賽事會場內應該可以持中華民國國旗,news_079451,1
國際賽事會場內應該可以持中華民國國旗,news_088181,1
國際賽事會場內應該可以持中華民國國旗,news_016539,1
國際賽事會場內應該可以持中華民國國旗,news_099805,1
國際賽事會場內應該可以持中華民國國旗,news_085194,1
國際賽事會場內應該可以持中華民國國旗,news_062179,1
國際賽事會場內應該可以持中華民國國旗,news_085783,1
國際賽事會場內應該可以持中華民國國旗,news_013932,1
國際賽事會場內應該可以持中華民國國旗,news_087668,1
國際賽事會場內應該可以持中華民國國旗,news_029264,1
國際賽事會場內應該可以持中華民國國旗,news_069463,1
國際賽事會場內應該可以持中華民國國旗,news_068830,1
國際賽事會場內應該可以持中華民國國旗,news_058371,1
國際賽事會場內應該可以持中華民國國旗,news_042784,1
國際賽事會場內應該可以持中華民國國旗,news_065792,1
國際賽事會場內應該可以持中華民國國旗,news_031396,1
國際賽事會場內應該可以持中華民國國旗,news_054783,1
國際賽事會場內應該可以持中華民國國旗,news_055538,1
國際賽事會場內應該可以持中華民國國旗,news_053743,1
國際賽事會場內應該可以持中華民國國旗,news_067861,2
國際賽事會場內應該可以持中華民國國旗,news_036496,1
國際賽事會場內應該可以持中華民國國旗,news_003810,1
國際賽事會場內應該可以持中華民國國旗,news_038477,1
國際賽事會場內應該可以持中華民國國旗,news_017810,1
國際賽事會場內應該可以持中華民國國旗,news_021209,1
國際賽事會場內應該可以持中華民國國旗,news_019235,1
國際賽事會場內應該可以持中華民國國旗,news_027527,1
國際賽事會場內應該可以持中華民國國旗,news_050602,1
國際賽事會場內應該可以持中華民國國旗,news_076190,1
國際賽事會場內應該可以持中華民國國旗,news_006608,1
國際賽事會場內應該可以持中華民國國旗,news_008100,1
國際賽事會場內應該可以持中華民國國旗,news_073037,1
國際賽事會場內應該可以持中華民國國旗,news_041028,1
國際賽事會場內應該可以持中華民國國旗,news_011641,1
國際賽事會場內應該可以持中華民國國旗,news_079604,1
國際賽事會場內應該可以持中華民國國旗,news_054435,1
國際賽事會場內應該可以持中華民國國旗,news_092830,1
國際賽事會場內應該可以持中華民國國旗,news_059621,1
國際賽事會場內應該可以持中華民國國旗,news_041294,1
國際賽事會場內應該可以持中華民國國旗,news_060320,1
國際賽事會場內應該可以持中華民國國旗,news_032071,2
國際賽事會場內應該可以持中華民國國旗,news_041898,1
國際賽事會場內應該可以持中華民國國旗,news_054210,1
國際賽事會場內應該可以持中華民國國旗,news_060689,1
國際賽事會場內應該可以持中華民國國旗,news_088943,1
國際賽事會場內應該可以持中華民國國旗,news_089754,1
國際賽事會場內應該可以持中華民國國旗,news_052994,1
國際賽事會場內應該可以持中華民國國旗,news_084391,1
國際賽事會場內應該可以持中華民國國旗,news_033961,1
國際賽事會場內應該可以持中華民國國旗,news_035863,1
國際賽事會場內應該可以持中華民國國旗,news_027324,1
國際賽事會場內應該可以持中華民國國旗,news_063905,1
國際賽事會場內應該可以持中華民國國旗,news_080121,1
國際賽事會場內應該可以持中華民國國旗,news_006783,1
國際賽事會場內應該可以持中華民國國旗,news_019922,1
國際賽事會場內應該可以持中華民國國旗,news_043353,1
國際賽事會場內應該可以持中華民國國旗,news_038060,1
國際賽事會場內應該可以持中華民國國旗,news_081011,1
國際賽事會場內應該可以持中華民國國旗,news_022924,1
國際賽事會場內應該可以持中華民國國旗,news_058644,1
國際賽事會場內應該可以持中華民國國旗,news_057025,1
國際賽事會場內應該可以持中華民國國旗,news_052537,1
國際賽事會場內應該可以持中華民國國旗,news_001683,1
國際賽事會場內應該可以持中華民國國旗,news_088061,1
國際賽事會場內應該可以持中華民國國旗,news_055852,1
國際賽事會場內應該可以持中華民國國旗,news_042074,2
國際賽事會場內應該可以持中華民國國旗,news_019806,1
國際賽事會場內應該可以持中華民國國旗,news_034020,1
國際賽事會場內應該可以持中華民國國旗,news_039130,1
國際賽事會場內應該可以持中華民國國旗,news_049472,1
國際賽事會場內應該可以持中華民國國旗,news_003338,1
國際賽事會場內應該可以持中華民國國旗,news_099205,1
國際賽事會場內應該可以持中華民國國旗,news_053140,1
國際賽事會場內應該可以持中華民國國旗,news_021257,1
國際賽事會場內應該可以持中華民國國旗,news_048851,1
國際賽事會場內應該可以持中華民國國旗,news_062327,1
國際賽事會場內應該可以持中華民國國旗,news_049504,1
國際賽事會場內應該可以持中華民國國旗,news_006494,1
國際賽事會場內應該可以持中華民國國旗,news_089269,1
國際賽事會場內應該可以持中華民國國旗,news_009891,1
國際賽事會場內應該可以持中華民國國旗,news_079247,2
國際賽事會場內應該可以持中華民國國旗,news_068437,1
國際賽事會場內應該可以持中華民國國旗,news_000544,1
國際賽事會場內應該可以持中華民國國旗,news_091570,1
國際賽事會場內應該可以持中華民國國旗,news_047713,1
國際賽事會場內應該可以持中華民國國旗,news_079543,1
國際賽事會場內應該可以持中華民國國旗,news_060063,1
國際賽事會場內應該可以持中華民國國旗,news_008059,2
國際賽事會場內應該可以持中華民國國旗,news_049187,1
國際賽事會場內應該可以持中華民國國旗,news_031659,1
國際賽事會場內應該可以持中華民國國旗,news_005463,1
國際賽事會場內應該可以持中華民國國旗,news_091246,1
國際賽事會場內應該可以持中華民國國旗,news_034463,1
國際賽事會場內應該可以持中華民國國旗,news_038958,1
國際賽事會場內應該可以持中華民國國旗,news_012426,1
國際賽事會場內應該可以持中華民國國旗,news_066648,1
國際賽事會場內應該可以持中華民國國旗,news_075837,1
國際賽事會場內應該可以持中華民國國旗,news_080857,1
國際賽事會場內應該可以持中華民國國旗,news_043678,1
國際賽事會場內應該可以持中華民國國旗,news_044973,1
國際賽事會場內應該可以持中華民國國旗,news_005700,1
國際賽事會場內應該可以持中華民國國旗,news_051631,1
國際賽事會場內應該可以持中華民國國旗,news_042117,1
國際賽事會場內應該可以持中華民國國旗,news_066659,1
國際賽事會場內應該可以持中華民國國旗,news_048425,1
國際賽事會場內應該可以持中華民國國旗,news_017063,1
國際賽事會場內應該可以持中華民國國旗,news_040138,1
國際賽事會場內應該可以持中華民國國旗,news_051850,1
國際賽事會場內應該可以持中華民國國旗,news_067270,1
國際賽事會場內應該可以持中華民國國旗,news_072215,2
國際賽事會場內應該可以持中華民國國旗,news_001472,1
國際賽事會場內應該可以持中華民國國旗,news_013478,1
國際賽事會場內應該可以持中華民國國旗,news_057473,2
國際賽事會場內應該可以持中華民國國旗,news_049441,1
國際賽事會場內應該可以持中華民國國旗,news_078807,1
國際賽事會場內應該可以持中華民國國旗,news_027558,2
國際賽事會場內應該可以持中華民國國旗,news_037852,1
國際賽事會場內應該可以持中華民國國旗,news_078444,1
國際賽事會場內應該可以持中華民國國旗,news_051802,1
國際賽事會場內應該可以持中華民國國旗,news_047365,1
國際賽事會場內應該可以持中華民國國旗,news_070405,1
國際賽事會場內應該可以持中華民國國旗,news_081930,1
國際賽事會場內應該可以持中華民國國旗,news_053097,1
國際賽事會場內應該可以持中華民國國旗,news_028747,1
國際賽事會場內應該可以持中華民國國旗,news_079429,1
國際賽事會場內應該可以持中華民國國旗,news_079926,1
國際賽事會場內應該可以持中華民國國旗,news_071086,1
國際賽事會場內應該可以持中華民國國旗,news_063986,1
國際賽事會場內應該可以持中華民國國旗,news_093587,1
國際賽事會場內應該可以持中華民國國旗,news_082132,1
國際賽事會場內應該可以持中華民國國旗,news_053467,1
國際賽事會場內應該可以持中華民國國旗,news_029653,1
國際賽事會場內應該可以持中華民國國旗,news_091133,1
國際賽事會場內應該可以持中華民國國旗,news_094917,1
國際賽事會場內應該可以持中華民國國旗,news_006082,1
國際賽事會場內應該可以持中華民國國旗,news_050259,1
國際賽事會場內應該可以持中華民國國旗,news_026406,1
國際賽事會場內應該可以持中華民國國旗,news_024215,1
國際賽事會場內應該可以持中華民國國旗,news_010349,1
國際賽事會場內應該可以持中華民國國旗,news_003717,1
國際賽事會場內應該可以持中華民國國旗,news_047614,1
國際賽事會場內應該可以持中華民國國旗,news_097518,1
國際賽事會場內應該可以持中華民國國旗,news_016557,1
國際賽事會場內應該可以持中華民國國旗,news_060110,1
國際賽事會場內應該可以持中華民國國旗,news_073083,1
國際賽事會場內應該可以持中華民國國旗,news_073761,1
國際賽事會場內應該可以持中華民國國旗,news_034340,1
國際賽事會場內應該可以持中華民國國旗,news_067619,1
國際賽事會場內應該可以持中華民國國旗,news_001848,1
國際賽事會場內應該可以持中華民國國旗,news_069885,1
國際賽事會場內應該可以持中華民國國旗,news_051756,1
國際賽事會場內應該可以持中華民國國旗,news_070507,1
國際賽事會場內應該可以持中華民國國旗,news_045601,1
國際賽事會場內應該可以持中華民國國旗,news_089734,1
國際賽事會場內應該可以持中華民國國旗,news_009411,1
國際賽事會場內應該可以持中華民國國旗,news_025524,1
國際賽事會場內應該可以持中華民國國旗,news_002652,1
國際賽事會場內應該可以持中華民國國旗,news_062796,1
國際賽事會場內應該可以持中華民國國旗,news_090189,2
國際賽事會場內應該可以持中華民國國旗,news_075488,1
國際賽事會場內應該可以持中華民國國旗,news_028582,1
國際賽事會場內應該可以持中華民國國旗,news_040891,1
國際賽事會場內應該可以持中華民國國旗,news_050249,1
國際賽事會場內應該可以持中華民國國旗,news_002849,1
國際賽事會場內應該可以持中華民國國旗,news_002975,1
國際賽事會場內應該可以持中華民國國旗,news_030476,1
國際賽事會場內應該可以持中華民國國旗,news_001872,1
國際賽事會場內應該可以持中華民國國旗,news_014381,1
國際賽事會場內應該可以持中華民國國旗,news_068634,1
國際賽事會場內應該可以持中華民國國旗,news_073844,1
國際賽事會場內應該可以持中華民國國旗,news_007726,1
國際賽事會場內應該可以持中華民國國旗,news_055309,1
國際賽事會場內應該可以持中華民國國旗,news_074074,1
國際賽事會場內應該可以持中華民國國旗,news_096326,1
國際賽事會場內應該可以持中華民國國旗,news_001252,2
國際賽事會場內應該可以持中華民國國旗,news_099811,1
國際賽事會場內應該可以持中華民國國旗,news_078501,1
國際賽事會場內應該可以持中華民國國旗,news_067388,1
國際賽事會場內應該可以持中華民國國旗,news_074798,1
國際賽事會場內應該可以持中華民國國旗,news_049738,1
國際賽事會場內應該可以持中華民國國旗,news_015215,1
國際賽事會場內應該可以持中華民國國旗,news_087467,1
國際賽事會場內應該可以持中華民國國旗,news_051371,1
國際賽事會場內應該可以持中華民國國旗,news_014833,1
國際賽事會場內應該可以持中華民國國旗,news_041851,1
國際賽事會場內應該可以持中華民國國旗,news_039436,1
國際賽事會場內應該可以持中華民國國旗,news_053314,1
國際賽事會場內應該可以持中華民國國旗,news_010891,1
國際賽事會場內應該可以持中華民國國旗,news_042946,1
國際賽事會場內應該可以持中華民國國旗,news_082726,1
國際賽事會場內應該可以持中華民國國旗,news_008675,1
國際賽事會場內應該可以持中華民國國旗,news_032769,1
國際賽事會場內應該可以持中華民國國旗,news_055628,1
國際賽事會場內應該可以持中華民國國旗,news_025831,1
國際賽事會場內應該可以持中華民國國旗,news_091579,1
國際賽事會場內應該可以持中華民國國旗,news_080914,1
國際賽事會場內應該可以持中華民國國旗,news_055319,1
國際賽事會場內應該可以持中華民國國旗,news_095828,1
國際賽事會場內應該可以持中華民國國旗,news_067960,2
國際賽事會場內應該可以持中華民國國旗,news_022489,1
國際賽事會場內應該可以持中華民國國旗,news_082414,1
國際賽事會場內應該可以持中華民國國旗,news_071965,1
國際賽事會場內應該可以持中華民國國旗,news_044284,1
國際賽事會場內應該可以持中華民國國旗,news_094434,1
國際賽事會場內應該可以持中華民國國旗,news_050349,1
國際賽事會場內應該可以持中華民國國旗,news_090268,1
國際賽事會場內應該可以持中華民國國旗,news_032221,1
國際賽事會場內應該可以持中華民國國旗,news_030350,2
國際賽事會場內應該可以持中華民國國旗,news_075338,1
國際賽事會場內應該可以持中華民國國旗,news_098695,1
國際賽事會場內應該可以持中華民國國旗,news_023716,1
國際賽事會場內應該可以持中華民國國旗,news_055486,1
國際賽事會場內應該可以持中華民國國旗,news_012218,1
國際賽事會場內應該可以持中華民國國旗,news_017818,1
國際賽事會場內應該可以持中華民國國旗,news_090127,1
國際賽事會場內應該可以持中華民國國旗,news_008263,1
國際賽事會場內應該可以持中華民國國旗,news_097537,1
國際賽事會場內應該可以持中華民國國旗,news_016584,1
國際賽事會場內應該可以持中華民國國旗,news_013721,1
國際賽事會場內應該可以持中華民國國旗,news_095779,1
國際賽事會場內應該可以持中華民國國旗,news_058636,1
國際賽事會場內應該可以持中華民國國旗,news_018060,1
國際賽事會場內應該可以持中華民國國旗,news_067284,1
國際賽事會場內應該可以持中華民國國旗,news_022296,1
國際賽事會場內應該可以持中華民國國旗,news_058713,1
國際賽事會場內應該可以持中華民國國旗,news_087379,1
國際賽事會場內應該可以持中華民國國旗,news_071094,1
國際賽事會場內應該可以持中華民國國旗,news_024112,1
國際賽事會場內應該可以持中華民國國旗,news_013837,1
國際賽事會場內應該可以持中華民國國旗,news_060673,1
國際賽事會場內應該可以持中華民國國旗,news_092048,1
國際賽事會場內應該可以持中華民國國旗,news_057968,1
國際賽事會場內應該可以持中華民國國旗,news_073683,1
國際賽事會場內應該可以持中華民國國旗,news_004438,1
國際賽事會場內應該可以持中華民國國旗,news_039581,1
國際賽事會場內應該可以持中華民國國旗,news_033425,1
國際賽事會場內應該可以持中華民國國旗,news_000511,2
國際賽事會場內應該可以持中華民國國旗,news_022009,1
國際賽事會場內應該可以持中華民國國旗,news_054710,1
國際賽事會場內應該可以持中華民國國旗,news_064237,1
國際賽事會場內應該可以持中華民國國旗,news_010835,2
國際賽事會場內應該可以持中華民國國旗,news_033478,2
國際賽事會場內應該可以持中華民國國旗,news_025261,1
國際賽事會場內應該可以持中華民國國旗,news_046992,1
國際賽事會場內應該可以持中華民國國旗,news_042161,2
國際賽事會場內應該可以持中華民國國旗,news_086578,1
國際賽事會場內應該可以持中華民國國旗,news_084029,1
國際賽事會場內應該可以持中華民國國旗,news_078852,1
國際賽事會場內應該可以持中華民國國旗,news_073746,1
國際賽事會場內應該可以持中華民國國旗,news_041556,1
國際賽事會場內應該可以持中華民國國旗,news_041940,1
國際賽事會場內應該可以持中華民國國旗,news_098721,1
國際賽事會場內應該可以持中華民國國旗,news_077353,1
國際賽事會場內應該可以持中華民國國旗,news_058459,1
國際賽事會場內應該可以持中華民國國旗,news_092042,1
國際賽事會場內應該可以持中華民國國旗,news_085274,1
國際賽事會場內應該可以持中華民國國旗,news_009726,1
國際賽事會場內應該可以持中華民國國旗,news_025722,1
國際賽事會場內應該可以持中華民國國旗,news_015814,1
國際賽事會場內應該可以持中華民國國旗,news_009428,1
國際賽事會場內應該可以持中華民國國旗,news_045014,1
國際賽事會場內應該可以持中華民國國旗,news_062293,1
國際賽事會場內應該可以持中華民國國旗,news_086236,1
國際賽事會場內應該可以持中華民國國旗,news_006286,1
國際賽事會場內應該可以持中華民國國旗,news_075726,2
國際賽事會場內應該可以持中華民國國旗,news_015974,1
國際賽事會場內應該可以持中華民國國旗,news_093576,1
國際賽事會場內應該可以持中華民國國旗,news_018567,1
國際賽事會場內應該可以持中華民國國旗,news_058809,1
國際賽事會場內應該可以持中華民國國旗,news_027212,1
國際賽事會場內應該可以持中華民國國旗,news_005107,1
國際賽事會場內應該可以持中華民國國旗,news_064669,1
國際賽事會場內應該可以持中華民國國旗,news_081151,1
國際賽事會場內應該可以持中華民國國旗,news_009038,1
國際賽事會場內應該可以持中華民國國旗,news_085405,1
國際賽事會場內應該可以持中華民國國旗,news_088132,1
國際賽事會場內應該可以持中華民國國旗,news_052572,1
國際賽事會場內應該可以持中華民國國旗,news_047500,1
國際賽事會場內應該可以持中華民國國旗,news_014162,1
國際賽事會場內應該可以持中華民國國旗,news_072672,1
國際賽事會場內應該可以持中華民國國旗,news_031776,1
國際賽事會場內應該可以持中華民國國旗,news_052265,1
國際賽事會場內應該可以持中華民國國旗,news_067068,1
國際賽事會場內應該可以持中華民國國旗,news_078920,1
國際賽事會場內應該可以持中華民國國旗,news_047872,1
國際賽事會場內應該可以持中華民國國旗,news_017509,1
國際賽事會場內應該可以持中華民國國旗,news_008546,1
國際賽事會場內應該可以持中華民國國旗,news_023068,1
國際賽事會場內應該可以持中華民國國旗,news_044015,1
國際賽事會場內應該可以持中華民國國旗,news_000788,1
國際賽事會場內應該可以持中華民國國旗,news_097064,1
國際賽事會場內應該可以持中華民國國旗,news_046687,1
國際賽事會場內應該可以持中華民國國旗,news_088711,1
國際賽事會場內應該可以持中華民國國旗,news_045797,1
國際賽事會場內應該可以持中華民國國旗,news_047292,1
國際賽事會場內應該可以持中華民國國旗,news_071344,1
國際賽事會場內應該可以持中華民國國旗,news_092716,1
國際賽事會場內應該可以持中華民國國旗,news_041170,1
國際賽事會場內應該可以持中華民國國旗,news_014595,2
國際賽事會場內應該可以持中華民國國旗,news_072248,1
國際賽事會場內應該可以持中華民國國旗,news_011143,1
國際賽事會場內應該可以持中華民國國旗,news_035908,1
國際賽事會場內應該可以持中華民國國旗,news_032622,1
國際賽事會場內應該可以持中華民國國旗,news_000105,1
國際賽事會場內應該可以持中華民國國旗,news_039191,1
國際賽事會場內應該可以持中華民國國旗,news_018980,1
國際賽事會場內應該可以持中華民國國旗,news_018462,1
國際賽事會場內應該可以持中華民國國旗,news_049033,2
國際賽事會場內應該可以持中華民國國旗,news_070140,1
國際賽事會場內應該可以持中華民國國旗,news_048598,1
國際賽事會場內應該可以持中華民國國旗,news_071075,1
國際賽事會場內應該可以持中華民國國旗,news_036695,1
國際賽事會場內應該可以持中華民國國旗,news_091924,1
國際賽事會場內應該可以持中華民國國旗,news_055296,1
國際賽事會場內應該可以持中華民國國旗,news_066371,1
國際賽事會場內應該可以持中華民國國旗,news_060283,1
國際賽事會場內應該可以持中華民國國旗,news_058566,1
國際賽事會場內應該可以持中華民國國旗,news_083592,1
國際賽事會場內應該可以持中華民國國旗,news_010023,2
國際賽事會場內應該可以持中華民國國旗,news_023744,1
國際賽事會場內應該可以持中華民國國旗,news_009415,1
國際賽事會場內應該可以持中華民國國旗,news_030338,1
國際賽事會場內應該可以持中華民國國旗,news_026976,1
國際賽事會場內應該可以持中華民國國旗,news_028256,1
國際賽事會場內應該可以持中華民國國旗,news_015027,2
國際賽事會場內應該可以持中華民國國旗,news_074237,1
國際賽事會場內應該可以持中華民國國旗,news_039350,2
國際賽事會場內應該可以持中華民國國旗,news_065995,1
國際賽事會場內應該可以持中華民國國旗,news_095901,1
國際賽事會場內應該可以持中華民國國旗,news_086938,1
國際賽事會場內應該可以持中華民國國旗,news_046358,1
國際賽事會場內應該可以持中華民國國旗,news_026953,2
國際賽事會場內應該可以持中華民國國旗,news_072445,1
國際賽事會場內應該可以持中華民國國旗,news_091656,1
國際賽事會場內應該可以持中華民國國旗,news_009486,2
國際賽事會場內應該可以持中華民國國旗,news_096788,1
國際賽事會場內應該可以持中華民國國旗,news_039619,1
國際賽事會場內應該可以持中華民國國旗,news_073270,1
國際賽事會場內應該可以持中華民國國旗,news_006986,1
國際賽事會場內應該可以持中華民國國旗,news_025027,1
國際賽事會場內應該可以持中華民國國旗,news_074357,1
國際賽事會場內應該可以持中華民國國旗,news_062920,1
國際賽事會場內應該可以持中華民國國旗,news_058092,1
國際賽事會場內應該可以持中華民國國旗,news_025982,1
國際賽事會場內應該可以持中華民國國旗,news_079152,1
國際賽事會場內應該可以持中華民國國旗,news_097123,1
國際賽事會場內應該可以持中華民國國旗,news_011181,1
國際賽事會場內應該可以持中華民國國旗,news_024224,1
國際賽事會場內應該可以持中華民國國旗,news_091947,1
國際賽事會場內應該可以持中華民國國旗,news_087071,1
國際賽事會場內應該可以持中華民國國旗,news_096754,1
國際賽事會場內應該可以持中華民國國旗,news_023197,1
國際賽事會場內應該可以持中華民國國旗,news_059718,1
國際賽事會場內應該可以持中華民國國旗,news_011796,1
國際賽事會場內應該可以持中華民國國旗,news_005088,1
國際賽事會場內應該可以持中華民國國旗,news_052986,1
國際賽事會場內應該可以持中華民國國旗,news_054448,1
國際賽事會場內應該可以持中華民國國旗,news_042447,1
國際賽事會場內應該可以持中華民國國旗,news_015187,1
國際賽事會場內應該可以持中華民國國旗,news_059394,1
國際賽事會場內應該可以持中華民國國旗,news_006449,1
國際賽事會場內應該可以持中華民國國旗,news_069604,1
國際賽事會場內應該可以持中華民國國旗,news_006282,1
國際賽事會場內應該可以持中華民國國旗,news_046223,1
國際賽事會場內應該可以持中華民國國旗,news_010255,1
國際賽事會場內應該可以持中華民國國旗,news_007476,1
國際賽事會場內應該可以持中華民國國旗,news_082266,1
國際賽事會場內應該可以持中華民國國旗,news_035018,1
國際賽事會場內應該可以持中華民國國旗,news_010187,1
國際賽事會場內應該可以持中華民國國旗,news_013093,1
國際賽事會場內應該可以持中華民國國旗,news_011059,1
國際賽事會場內應該可以持中華民國國旗,news_084016,1
國際賽事會場內應該可以持中華民國國旗,news_091315,1
國際賽事會場內應該可以持中華民國國旗,news_083427,1
國際賽事會場內應該可以持中華民國國旗,news_037446,1
國際賽事會場內應該可以持中華民國國旗,news_001643,1
國際賽事會場內應該可以持中華民國國旗,news_007645,1
國際賽事會場內應該可以持中華民國國旗,news_000540,1
國際賽事會場內應該可以持中華民國國旗,news_068378,1
國際賽事會場內應該可以持中華民國國旗,news_086217,1
國際賽事會場內應該可以持中華民國國旗,news_014820,1
國際賽事會場內應該可以持中華民國國旗,news_058709,1
國際賽事會場內應該可以持中華民國國旗,news_084992,1
國際賽事會場內應該可以持中華民國國旗,news_087805,1
國際賽事會場內應該可以持中華民國國旗,news_064001,1
國際賽事會場內應該可以持中華民國國旗,news_086708,1
國際賽事會場內應該可以持中華民國國旗,news_062312,1
國際賽事會場內應該可以持中華民國國旗,news_027300,1
國際賽事會場內應該可以持中華民國國旗,news_058133,1
國際賽事會場內應該可以持中華民國國旗,news_066533,1
國際賽事會場內應該可以持中華民國國旗,news_060857,1
國際賽事會場內應該可以持中華民國國旗,news_079729,1
國際賽事會場內應該可以持中華民國國旗,news_081652,1
國際賽事會場內應該可以持中華民國國旗,news_050904,1
國際賽事會場內應該可以持中華民國國旗,news_072568,1
國際賽事會場內應該可以持中華民國國旗,news_097186,1
國際賽事會場內應該可以持中華民國國旗,news_002910,2
國際賽事會場內應該可以持中華民國國旗,news_021143,1
國際賽事會場內應該可以持中華民國國旗,news_073914,1
國際賽事會場內應該可以持中華民國國旗,news_044259,1
國際賽事會場內應該可以持中華民國國旗,news_067781,2
國際賽事會場內應該可以持中華民國國旗,news_064141,1
國際賽事會場內應該可以持中華民國國旗,news_037702,1
國際賽事會場內應該可以持中華民國國旗,news_047359,1
國際賽事會場內應該可以持中華民國國旗,news_076308,1
國際賽事會場內應該可以持中華民國國旗,news_086970,1
國際賽事會場內應該可以持中華民國國旗,news_068849,1
國際賽事會場內應該可以持中華民國國旗,news_012089,1
國際賽事會場內應該可以持中華民國國旗,news_041351,1
國際賽事會場內應該可以持中華民國國旗,news_064966,1
國際賽事會場內應該可以持中華民國國旗,news_045294,1
國際賽事會場內應該可以持中華民國國旗,news_062757,1
國際賽事會場內應該可以持中華民國國旗,news_096909,1
國際賽事會場內應該可以持中華民國國旗,news_078565,1
國際賽事會場內應該可以持中華民國國旗,news_055046,1
國際賽事會場內應該可以持中華民國國旗,news_090036,1
國際賽事會場內應該可以持中華民國國旗,news_078167,2
國際賽事會場內應該可以持中華民國國旗,news_030059,1
國際賽事會場內應該可以持中華民國國旗,news_071458,1
國際賽事會場內應該可以持中華民國國旗,news_002764,1
國際賽事會場內應該可以持中華民國國旗,news_097348,1
國際賽事會場內應該可以持中華民國國旗,news_084413,1
國際賽事會場內應該可以持中華民國國旗,news_054260,1
國際賽事會場內應該可以持中華民國國旗,news_040400,2
國際賽事會場內應該可以持中華民國國旗,news_060608,1
國際賽事會場內應該可以持中華民國國旗,news_087510,1
國際賽事會場內應該可以持中華民國國旗,news_076918,1
國際賽事會場內應該可以持中華民國國旗,news_063234,1
國際賽事會場內應該可以持中華民國國旗,news_054392,1
國際賽事會場內應該可以持中華民國國旗,news_029402,1
國際賽事會場內應該可以持中華民國國旗,news_010897,1
國際賽事會場內應該可以持中華民國國旗,news_018630,1
國際賽事會場內應該可以持中華民國國旗,news_045476,1
國際賽事會場內應該可以持中華民國國旗,news_007220,1
國際賽事會場內應該可以持中華民國國旗,news_064855,1
國際賽事會場內應該可以持中華民國國旗,news_066691,1
國際賽事會場內應該可以持中華民國國旗,news_044437,1
國際賽事會場內應該可以持中華民國國旗,news_005808,1
國際賽事會場內應該可以持中華民國國旗,news_028296,1
國際賽事會場內應該可以持中華民國國旗,news_039946,1
國際賽事會場內應該可以持中華民國國旗,news_009518,1
國際賽事會場內應該可以持中華民國國旗,news_032353,1
國際賽事會場內應該可以持中華民國國旗,news_033266,1
國際賽事會場內應該可以持中華民國國旗,news_066785,1
國際賽事會場內應該可以持中華民國國旗,news_038150,1
國際賽事會場內應該可以持中華民國國旗,news_010226,1
國際賽事會場內應該可以持中華民國國旗,news_006566,1
國際賽事會場內應該可以持中華民國國旗,news_077150,1
國際賽事會場內應該可以持中華民國國旗,news_069163,1
國際賽事會場內應該可以持中華民國國旗,news_006101,1
國際賽事會場內應該可以持中華民國國旗,news_098143,1
國際賽事會場內應該可以持中華民國國旗,news_082118,2
國際賽事會場內應該可以持中華民國國旗,news_038615,1
國際賽事會場內應該可以持中華民國國旗,news_011815,1
國際賽事會場內應該可以持中華民國國旗,news_008569,2
國際賽事會場內應該可以持中華民國國旗,news_099024,1
國際賽事會場內應該可以持中華民國國旗,news_070236,1
國際賽事會場內應該可以持中華民國國旗,news_012398,1
國際賽事會場內應該可以持中華民國國旗,news_010158,1
國際賽事會場內應該可以持中華民國國旗,news_086783,1
國際賽事會場內應該可以持中華民國國旗,news_006135,1
國際賽事會場內應該可以持中華民國國旗,news_005496,1
國際賽事會場內應該可以持中華民國國旗,news_046365,1
國際賽事會場內應該可以持中華民國國旗,news_043299,1
國際賽事會場內應該可以持中華民國國旗,news_046102,1
國際賽事會場內應該可以持中華民國國旗,news_072602,1
國際賽事會場內應該可以持中華民國國旗,news_048547,1
國際賽事會場內應該可以持中華民國國旗,news_061201,1
國際賽事會場內應該可以持中華民國國旗,news_048166,1
國際賽事會場內應該可以持中華民國國旗,news_060528,2
國際賽事會場內應該可以持中華民國國旗,news_058249,1
國際賽事會場內應該可以持中華民國國旗,news_059874,1
國際賽事會場內應該可以持中華民國國旗,news_063046,1
國際賽事會場內應該可以持中華民國國旗,news_058286,1
國際賽事會場內應該可以持中華民國國旗,news_004113,1
國際賽事會場內應該可以持中華民國國旗,news_070258,1
國際賽事會場內應該可以持中華民國國旗,news_038727,1
國際賽事會場內應該可以持中華民國國旗,news_003556,2
國際賽事會場內應該可以持中華民國國旗,news_031260,1
國際賽事會場內應該可以持中華民國國旗,news_035556,1
國際賽事會場內應該可以持中華民國國旗,news_054593,2
國際賽事會場內應該可以持中華民國國旗,news_097256,1
國際賽事會場內應該可以持中華民國國旗,news_007741,1
國際賽事會場內應該可以持中華民國國旗,news_088037,1
國際賽事會場內應該可以持中華民國國旗,news_068506,1
國際賽事會場內應該可以持中華民國國旗,news_079903,1
國際賽事會場內應該可以持中華民國國旗,news_004040,1
國際賽事會場內應該可以持中華民國國旗,news_064856,1
國際賽事會場內應該可以持中華民國國旗,news_089300,1
國際賽事會場內應該可以持中華民國國旗,news_011323,1
國際賽事會場內應該可以持中華民國國旗,news_078303,1
國際賽事會場內應該可以持中華民國國旗,news_095591,1
國際賽事會場內應該可以持中華民國國旗,news_014765,2
國際賽事會場內應該可以持中華民國國旗,news_013182,1
國際賽事會場內應該可以持中華民國國旗,news_008244,1
國際賽事會場內應該可以持中華民國國旗,news_095553,1
國際賽事會場內應該可以持中華民國國旗,news_004955,1
國際賽事會場內應該可以持中華民國國旗,news_062052,1
國際賽事會場內應該可以持中華民國國旗,news_077902,1
國際賽事會場內應該可以持中華民國國旗,news_039473,1
國際賽事會場內應該可以持中華民國國旗,news_022888,1
國際賽事會場內應該可以持中華民國國旗,news_015489,1
國際賽事會場內應該可以持中華民國國旗,news_057288,1
國際賽事會場內應該可以持中華民國國旗,news_093281,1
國際賽事會場內應該可以持中華民國國旗,news_036290,1
國際賽事會場內應該可以持中華民國國旗,news_026091,2
國際賽事會場內應該可以持中華民國國旗,news_022033,1
國際賽事會場內應該可以持中華民國國旗,news_066253,1
國際賽事會場內應該可以持中華民國國旗,news_009922,1
國際賽事會場內應該可以持中華民國國旗,news_072514,1
國際賽事會場內應該可以持中華民國國旗,news_026516,2
國際賽事會場內應該可以持中華民國國旗,news_017763,2
國際賽事會場內應該可以持中華民國國旗,news_019520,1
國際賽事會場內應該可以持中華民國國旗,news_030216,1
國際賽事會場內應該可以持中華民國國旗,news_091735,2
國際賽事會場內應該可以持中華民國國旗,news_072351,1
國際賽事會場內應該可以持中華民國國旗,news_066133,1
國際賽事會場內應該可以持中華民國國旗,news_015055,1
國際賽事會場內應該可以持中華民國國旗,news_095954,1
國際賽事會場內應該可以持中華民國國旗,news_019955,1
國際賽事會場內應該可以持中華民國國旗,news_085326,1
國際賽事會場內應該可以持中華民國國旗,news_019490,1
國際賽事會場內應該可以持中華民國國旗,news_003398,2
國際賽事會場內應該可以持中華民國國旗,news_032420,1
國際賽事會場內應該可以持中華民國國旗,news_092356,1
國際賽事會場內應該可以持中華民國國旗,news_096425,2
國際賽事會場內應該可以持中華民國國旗,news_050639,1
國際賽事會場內應該可以持中華民國國旗,news_060072,1
國際賽事會場內應該可以持中華民國國旗,news_094949,1
國際賽事會場內應該可以持中華民國國旗,news_053660,1
國際賽事會場內應該可以持中華民國國旗,news_057896,1
國際賽事會場內應該可以持中華民國國旗,news_011664,1
國際賽事會場內應該可以持中華民國國旗,news_081184,1
國際賽事會場內應該可以持中華民國國旗,news_015917,1
國際賽事會場內應該可以持中華民國國旗,news_050688,1
國際賽事會場內應該可以持中華民國國旗,news_067510,1
國際賽事會場內應該可以持中華民國國旗,news_013225,1
國際賽事會場內應該可以持中華民國國旗,news_070580,1
國際賽事會場內應該可以持中華民國國旗,news_068117,1
國際賽事會場內應該可以持中華民國國旗,news_055068,1
國際賽事會場內應該可以持中華民國國旗,news_018474,1
國際賽事會場內應該可以持中華民國國旗,news_010110,1
國際賽事會場內應該可以持中華民國國旗,news_016827,1
國際賽事會場內應該可以持中華民國國旗,news_084284,1
國際賽事會場內應該可以持中華民國國旗,news_039298,1
國際賽事會場內應該可以持中華民國國旗,news_082996,1
國際賽事會場內應該可以持中華民國國旗,news_034769,1
國際賽事會場內應該可以持中華民國國旗,news_054937,1
國際賽事會場內應該可以持中華民國國旗,news_058346,1
國際賽事會場內應該可以持中華民國國旗,news_090111,1
國際賽事會場內應該可以持中華民國國旗,news_005401,1
國際賽事會場內應該可以持中華民國國旗,news_014248,1
國際賽事會場內應該可以持中華民國國旗,news_034318,1
國際賽事會場內應該可以持中華民國國旗,news_054360,1
國際賽事會場內應該可以持中華民國國旗,news_070006,1
國際賽事會場內應該可以持中華民國國旗,news_088093,1
國際賽事會場內應該可以持中華民國國旗,news_089444,2
國際賽事會場內應該可以持中華民國國旗,news_083630,1
國際賽事會場內應該可以持中華民國國旗,news_017069,1
國際賽事會場內應該可以持中華民國國旗,news_080833,1
國際賽事會場內應該可以持中華民國國旗,news_047160,1
國際賽事會場內應該可以持中華民國國旗,news_005886,1
國際賽事會場內應該可以持中華民國國旗,news_032689,0
國際賽事會場內應該可以持中華民國國旗,news_098135,0
國際賽事會場內應該可以持中華民國國旗,news_092869,0
國際賽事會場內應該可以持中華民國國旗,news_025901,0
國際賽事會場內應該可以持中華民國國旗,news_090409,0
國際賽事會場內應該可以持中華民國國旗,news_082903,0
國際賽事會場內應該可以持中華民國國旗,news_029947,0
國際賽事會場內應該可以持中華民國國旗,news_068106,0
國際賽事會場內應該可以持中華民國國旗,news_029569,0
國際賽事會場內應該可以持中華民國國旗,news_060908,0
國際賽事會場內應該可以持中華民國國旗,news_015506,0
國際賽事會場內應該可以持中華民國國旗,news_046850,0
國際賽事會場內應該可以持中華民國國旗,news_041602,0
國際賽事會場內應該可以持中華民國國旗,news_077294,0
國際賽事會場內應該可以持中華民國國旗,news_040578,0
國際賽事會場內應該可以持中華民國國旗,news_064767,0
國際賽事會場內應該可以持中華民國國旗,news_007493,0
國際賽事會場內應該可以持中華民國國旗,news_042462,0
國際賽事會場內應該可以持中華民國國旗,news_080687,0
國際賽事會場內應該可以持中華民國國旗,news_073025,0
國際賽事會場內應該可以持中華民國國旗,news_010461,0
國際賽事會場內應該可以持中華民國國旗,news_079255,0
國際賽事會場內應該可以持中華民國國旗,news_066764,0
國際賽事會場內應該可以持中華民國國旗,news_041172,0
國際賽事會場內應該可以持中華民國國旗,news_076986,0
國際賽事會場內應該可以持中華民國國旗,news_058333,0
國際賽事會場內應該可以持中華民國國旗,news_068456,0
國際賽事會場內應該可以持中華民國國旗,news_053249,0
國際賽事會場內應該可以持中華民國國旗,news_018136,0
國際賽事會場內應該可以持中華民國國旗,news_018447,0