Query_Index,Query
q_01,通姦在刑法上應該除罪化
q_02,應該取消機車強制二段式左轉(待轉)
q_03,支持博弈特區在台灣合法化
q_04,中華航空空服員罷工是合理的
q_05,性交易應該合法化
q_06,ECFA早收清單可（有）達到其預期成效
q_07,應該減免證所稅
q_08,贊成中油在觀塘興建第三天然氣接收站
q_09,支持中國學生納入健保
q_10,支持臺灣中小學（含高職、專科）服儀規定（含髮、襪、鞋）給予學生自主
q_11,不支持使用加密貨幣
q_12,不支持學雜費調漲
q_13,同意政府舉債發展前瞻建設計畫
q_14,支持電競列入體育競技
q_15,反對台鐵東移徵收案
q_16,支持陳前總統保外就醫
q_17,年金改革應取消或應調降軍公教月退之優存利率十八趴
q_18,同意動物實驗
q_19,油價應該凍漲或緩漲
q_20,反對旺旺中時併購中嘉
